scenario,start_time
1,2018-09-28 06:05:00
2,2018-09-28 06:08:00
3,2018-09-28 06:10:00
4,2018-09-28 06:10:00
5,2018-09-28 06:03:00
6,2018-09-28 06:10:00
7,2018-09-28 06:04:00
8,2018-09-28 06:03:00
9,2018-09-28 06:14:00
10,2018-09-28 06:09:00
11,2018-09-28 06:09:00
12,2018-09-28 06:11:00
13,2018-09-28 06:02:00
14,2018-09-28 06:11:00
15,2018-09-28 06:08:00
16,2018-09-28 06:09:00
17,2018-09-28 06:01:00
18,2018-09-28 06:10:00
19,2018-09-28 06:13:00
20,2018-09-28 06:03:00
21,2018-09-28 06:09:00
22,2018-09-28 06:05:00
23,2018-09-28 06:03:00
24,2018-09-28 06:02:00
25,2018-09-28 06:04:00
26,2018-09-28 06:05:00
27,2018-09-28 06:03:00
28,2018-09-28 06:01:00
29,2018-09-28 06:05:00
30,2018-09-28 06:05:00
31,2018-09-28 06:02:00
32,2018-09-28 06:07:00
33,2018-09-28 06:04:00
34,2018-09-28 06:01:00
35,2018-09-28 06:09:00
36,2018-09-28 06:05:00
37,2018-09-28 06:11:00
38,2018-09-28 06:01:00
39,2018-09-28 06:09:00
40,2018-09-28 06:06:00
41,2018-09-28 06:00:00
42,2018-09-28 06:06:00
43,2018-09-28 06:04:00
44,2018-09-28 06:04:00
45,2018-09-28 06:11:00
46,2018-09-28 06:13:00
47,2018-09-28 06:07:00
48,2018-09-28 06:00:00
49,2018-09-28 06:10:00
50,2018-09-28 06:00:00
51,2018-09-28 06:14:00
52,2018-09-28 06:05:00
53,2018-09-28 06:09:00
54,2018-09-28 06:05:00
55,2018-09-28 06:13:00
56,2018-09-28 06:05:00
57,2018-09-28 06:06:00
58,2018-09-28 06:03:00
59,2018-09-28 06:01:00
60,2018-09-28 06:13:00
61,2018-09-28 06:03:00
62,2018-09-28 06:02:00
63,2018-09-28 06:12:00
64,2018-09-28 06:04:00
65,2018-09-28 06:14:00
66,2018-09-28 06:04:00
67,2018-09-28 06:03:00
68,2018-09-28 06:02:00
69,2018-09-28 06:06:00
70,2018-09-28 06:14:00
71,2018-09-28 06:11:00
72,2018-09-28 06:08:00
73,2018-09-28 06:06:00
74,2018-09-28 06:14:00
75,2018-09-28 06:08:00
76,2018-09-28 06:01:00
77,2018-09-28 06:07:00
78,2018-09-28 06:05:00
79,2018-09-28 06:07:00
80,2018-09-28 06:12:00
81,2018-09-28 06:03:00
82,2018-09-28 06:03:00
83,2018-09-28 06:02:00
84,2018-09-28 06:10:00
85,2018-09-28 06:10:00
86,2018-09-28 06:04:00
87,2018-09-28 06:06:00
88,2018-09-28 06:08:00
89,2018-09-28 06:03:00
90,2018-09-28 06:11:00
91,2018-09-28 06:02:00
92,2018-09-28 06:10:00
93,2018-09-28 06:05:00
94,2018-09-28 06:11:00
95,2018-09-28 06:06:00
96,2018-09-28 06:04:00
97,2018-09-28 06:10:00
98,2018-09-28 06:10:00
99,2018-09-28 06:01:00
100,2018-09-28 06:08:00
101,2018-09-28 06:11:00
102,2018-09-28 06:00:00
103,2018-09-28 06:07:00
104,2018-09-28 06:05:00
105,2018-09-28 06:00:00
106,2018-09-28 06:14:00
107,2018-09-28 06:14:00
108,2018-09-28 06:03:00
109,2018-09-28 06:06:00
110,2018-09-28 06:00:00
111,2018-09-28 06:04:00
112,2018-09-28 06:04:00
113,2018-09-28 06:05:00
114,2018-09-28 06:10:00
115,2018-09-28 06:02:00
116,2018-09-28 06:05:00
117,2018-09-28 06:14:00
118,2018-09-28 06:00:00
119,2018-09-28 06:02:00
120,2018-09-28 06:07:00
121,2018-09-28 06:02:00
122,2018-09-28 06:10:00
123,2018-09-28 06:14:00
124,2018-09-28 06:14:00
125,2018-09-28 06:13:00
126,2018-09-28 06:06:00
127,2018-09-28 06:09:00
128,2018-09-28 06:02:00
129,2018-09-28 06:07:00
130,2018-09-28 06:09:00
131,2018-09-28 06:03:00
132,2018-09-28 06:01:00
133,2018-09-28 06:01:00
134,2018-09-28 06:03:00
135,2018-09-28 06:11:00
136,2018-09-28 06:09:00
137,2018-09-28 06:14:00
138,2018-09-28 06:10:00
139,2018-09-28 06:04:00
140,2018-09-28 06:08:00
141,2018-09-28 06:06:00
142,2018-09-28 06:05:00
143,2018-09-28 06:14:00
144,2018-09-28 06:07:00
145,2018-09-28 06:05:00
146,2018-09-28 06:11:00
147,2018-09-28 06:06:00
148,2018-09-28 06:03:00
149,2018-09-28 06:01:00
150,2018-09-28 06:04:00
151,2018-09-28 06:08:00
152,2018-09-28 06:12:00
153,2018-09-28 06:12:00
154,2018-09-28 06:09:00
155,2018-09-28 06:04:00
156,2018-09-28 06:12:00
157,2018-09-28 06:08:00
158,2018-09-28 06:13:00
159,2018-09-28 06:11:00
160,2018-09-28 06:08:00
161,2018-09-28 06:14:00
162,2018-09-28 06:11:00
163,2018-09-28 06:01:00
164,2018-09-28 06:08:00
165,2018-09-28 06:00:00
166,2018-09-28 06:05:00
167,2018-09-28 06:01:00
168,2018-09-28 06:05:00
169,2018-09-28 06:03:00
170,2018-09-28 06:10:00
171,2018-09-28 06:13:00
172,2018-09-28 06:10:00
173,2018-09-28 06:05:00
174,2018-09-28 06:13:00
175,2018-09-28 06:04:00
176,2018-09-28 06:00:00
177,2018-09-28 06:01:00
178,2018-09-28 06:06:00
179,2018-09-28 06:09:00
180,2018-09-28 06:01:00
181,2018-09-28 06:13:00
182,2018-09-28 06:13:00
183,2018-09-28 06:05:00
184,2018-09-28 06:14:00
185,2018-09-28 06:00:00
186,2018-09-28 06:13:00
187,2018-09-28 06:11:00
188,2018-09-28 06:02:00
189,2018-09-28 06:00:00
190,2018-09-28 06:14:00
191,2018-09-28 06:01:00
192,2018-09-28 06:02:00
193,2018-09-28 06:14:00
194,2018-09-28 06:01:00
195,2018-09-28 06:09:00
196,2018-09-28 06:12:00
197,2018-09-28 06:01:00
198,2018-09-28 06:14:00
199,2018-09-28 06:04:00
200,2018-09-28 06:10:00
201,2018-09-28 06:00:00
202,2018-09-28 06:03:00
203,2018-09-28 06:12:00
204,2018-09-28 06:01:00
205,2018-09-28 06:02:00
206,2018-09-28 06:05:00
207,2018-09-28 06:06:00
208,2018-09-28 06:14:00
209,2018-09-28 06:14:00
210,2018-09-28 06:10:00
211,2018-09-28 06:06:00
212,2018-09-28 06:08:00
213,2018-09-28 06:11:00
214,2018-09-28 06:05:00
215,2018-09-28 06:06:00
216,2018-09-28 06:00:00
217,2018-09-28 06:02:00
218,2018-09-28 06:13:00
219,2018-09-28 06:01:00
220,2018-09-28 06:03:00
221,2018-09-28 06:12:00
222,2018-09-28 06:06:00
223,2018-09-28 06:14:00
224,2018-09-28 06:12:00
225,2018-09-28 06:03:00
226,2018-09-28 06:00:00
227,2018-09-28 06:00:00
228,2018-09-28 06:05:00
229,2018-09-28 06:09:00
230,2018-09-28 06:00:00
231,2018-09-28 06:07:00
232,2018-09-28 06:07:00
233,2018-09-28 06:07:00
234,2018-09-28 06:08:00
235,2018-09-28 06:08:00
236,2018-09-28 06:01:00
237,2018-09-28 06:12:00
238,2018-09-28 06:03:00
239,2018-09-28 06:08:00
240,2018-09-28 06:04:00
241,2018-09-28 06:12:00
242,2018-09-28 06:14:00
243,2018-09-28 06:07:00
244,2018-09-28 06:10:00
245,2018-09-28 06:05:00
246,2018-09-28 06:04:00
247,2018-09-28 06:11:00
248,2018-09-28 06:14:00
249,2018-09-28 06:00:00
250,2018-09-28 06:14:00
251,2018-09-28 06:09:00
252,2018-09-28 06:11:00
253,2018-09-28 06:11:00
254,2018-09-28 06:06:00
255,2018-09-28 06:03:00
256,2018-09-28 06:00:00
257,2018-09-28 06:06:00
258,2018-09-28 06:07:00
259,2018-09-28 06:08:00
260,2018-09-28 06:10:00
261,2018-09-28 06:00:00
262,2018-09-28 06:13:00
263,2018-09-28 06:05:00
264,2018-09-28 06:14:00
265,2018-09-28 06:05:00
266,2018-09-28 06:02:00
267,2018-09-28 06:09:00
268,2018-09-28 06:09:00
269,2018-09-28 06:12:00
270,2018-09-28 06:00:00
271,2018-09-28 06:09:00
272,2018-09-28 06:02:00
273,2018-09-28 06:10:00
274,2018-09-28 06:02:00
275,2018-09-28 06:07:00
276,2018-09-28 06:02:00
277,2018-09-28 06:05:00
278,2018-09-28 06:00:00
279,2018-09-28 06:01:00
280,2018-09-28 06:05:00
281,2018-09-28 06:04:00
282,2018-09-28 06:09:00
283,2018-09-28 06:07:00
284,2018-09-28 06:12:00
285,2018-09-28 06:01:00
286,2018-09-28 06:13:00
287,2018-09-28 06:07:00
288,2018-09-28 06:02:00
289,2018-09-28 06:04:00
290,2018-09-28 06:12:00
291,2018-09-28 06:01:00
292,2018-09-28 06:12:00
293,2018-09-28 06:06:00
294,2018-09-28 06:10:00
295,2018-09-28 06:00:00
296,2018-09-28 06:04:00
297,2018-09-28 06:06:00
298,2018-09-28 06:12:00
299,2018-09-28 06:10:00
300,2018-09-28 06:01:00
301,2018-09-28 06:05:00
302,2018-09-28 06:14:00
303,2018-09-28 06:11:00
304,2018-09-28 06:10:00
305,2018-09-28 06:09:00
306,2018-09-28 06:00:00
307,2018-09-28 06:05:00
308,2018-09-28 06:07:00
309,2018-09-28 06:01:00
310,2018-09-28 06:06:00
311,2018-09-28 06:04:00
312,2018-09-28 06:00:00
313,2018-09-28 06:08:00
314,2018-09-28 06:08:00
315,2018-09-28 06:09:00
316,2018-09-28 06:13:00
317,2018-09-28 06:07:00
318,2018-09-28 06:03:00
319,2018-09-28 06:01:00
320,2018-09-28 06:13:00
321,2018-09-28 06:04:00
322,2018-09-28 06:00:00
323,2018-09-28 06:08:00
324,2018-09-28 06:09:00
325,2018-09-28 06:07:00
326,2018-09-28 06:09:00
327,2018-09-28 06:03:00
328,2018-09-28 06:04:00
329,2018-09-28 06:09:00
330,2018-09-28 06:13:00
331,2018-09-28 06:04:00
332,2018-09-28 06:08:00
333,2018-09-28 06:12:00
334,2018-09-28 06:02:00
335,2018-09-28 06:06:00
336,2018-09-28 06:03:00
337,2018-09-28 06:04:00
338,2018-09-28 06:08:00
339,2018-09-28 06:06:00
340,2018-09-28 06:04:00
341,2018-09-28 06:03:00
342,2018-09-28 06:03:00
343,2018-09-28 06:01:00
344,2018-09-28 06:05:00
345,2018-09-28 06:08:00
346,2018-09-28 06:04:00
347,2018-09-28 06:01:00
348,2018-09-28 06:03:00
349,2018-09-28 06:13:00
350,2018-09-28 06:11:00
351,2018-09-28 06:02:00
352,2018-09-28 06:02:00
353,2018-09-28 06:13:00
354,2018-09-28 06:01:00
355,2018-09-28 06:14:00
356,2018-09-28 06:07:00
357,2018-09-28 06:08:00
358,2018-09-28 06:09:00
359,2018-09-28 06:04:00
360,2018-09-28 06:00:00
361,2018-09-28 06:13:00
362,2018-09-28 06:11:00
363,2018-09-28 06:13:00
364,2018-09-28 06:14:00
365,2018-09-28 06:02:00
366,2018-09-28 06:07:00
367,2018-09-28 06:14:00
368,2018-09-28 06:13:00
369,2018-09-28 06:14:00
370,2018-09-28 06:08:00
371,2018-09-28 06:13:00
372,2018-09-28 06:14:00
373,2018-09-28 06:14:00
374,2018-09-28 06:07:00
375,2018-09-28 06:03:00
376,2018-09-28 06:12:00
377,2018-09-28 06:05:00
378,2018-09-28 06:04:00
379,2018-09-28 06:00:00
380,2018-09-28 06:10:00
381,2018-09-28 06:09:00
382,2018-09-28 06:04:00
383,2018-09-28 06:07:00
384,2018-09-28 06:06:00
385,2018-09-28 06:14:00
386,2018-09-28 06:09:00
387,2018-09-28 06:08:00
388,2018-09-28 06:02:00
389,2018-09-28 06:06:00
390,2018-09-28 06:09:00
391,2018-09-28 06:10:00
392,2018-09-28 06:12:00
393,2018-09-28 06:07:00
394,2018-09-28 06:03:00
395,2018-09-28 06:04:00
396,2018-09-28 06:00:00
397,2018-09-28 06:07:00
398,2018-09-28 06:14:00
399,2018-09-28 06:14:00
400,2018-09-28 06:12:00
401,2018-09-28 06:12:00
402,2018-09-28 06:05:00
403,2018-09-28 06:02:00
404,2018-09-28 06:07:00
405,2018-09-28 06:04:00
406,2018-09-28 06:03:00
407,2018-09-28 06:12:00
408,2018-09-28 06:11:00
409,2018-09-28 06:11:00
410,2018-09-28 06:14:00
411,2018-09-28 06:12:00
412,2018-09-28 06:02:00
413,2018-09-28 06:07:00
414,2018-09-28 06:04:00
415,2018-09-28 06:09:00
416,2018-09-28 06:12:00
417,2018-09-28 06:03:00
418,2018-09-28 06:09:00
419,2018-09-28 06:02:00
420,2018-09-28 06:01:00
421,2018-09-28 06:07:00
422,2018-09-28 06:10:00
423,2018-09-28 06:14:00
424,2018-09-28 06:07:00
425,2018-09-28 06:13:00
426,2018-09-28 06:10:00
427,2018-09-28 06:02:00
428,2018-09-28 06:12:00
429,2018-09-28 06:01:00
430,2018-09-28 06:05:00
431,2018-09-28 06:05:00
432,2018-09-28 06:06:00
433,2018-09-28 06:14:00
434,2018-09-28 06:01:00
435,2018-09-28 06:02:00
436,2018-09-28 06:08:00
437,2018-09-28 06:11:00
438,2018-09-28 06:04:00
439,2018-09-28 06:04:00
440,2018-09-28 06:06:00
441,2018-09-28 06:13:00
442,2018-09-28 06:02:00
443,2018-09-28 06:09:00
444,2018-09-28 06:03:00
445,2018-09-28 06:03:00
446,2018-09-28 06:02:00
447,2018-09-28 06:01:00
448,2018-09-28 06:12:00
449,2018-09-28 06:11:00
450,2018-09-28 06:05:00
451,2018-09-28 06:13:00
452,2018-09-28 06:10:00
453,2018-09-28 06:02:00
454,2018-09-28 06:11:00
455,2018-09-28 06:05:00
456,2018-09-28 06:11:00
457,2018-09-28 06:02:00
458,2018-09-28 06:13:00
459,2018-09-28 06:02:00
460,2018-09-28 06:10:00
461,2018-09-28 06:01:00
462,2018-09-28 06:00:00
463,2018-09-28 06:08:00
464,2018-09-28 06:11:00
465,2018-09-28 06:14:00
466,2018-09-28 06:10:00
467,2018-09-28 06:13:00
468,2018-09-28 06:13:00
469,2018-09-28 06:09:00
470,2018-09-28 06:08:00
471,2018-09-28 06:05:00
472,2018-09-28 06:12:00
473,2018-09-28 06:06:00
474,2018-09-28 06:00:00
475,2018-09-28 06:01:00
476,2018-09-28 06:07:00
477,2018-09-28 06:02:00
478,2018-09-28 06:02:00
479,2018-09-28 06:04:00
480,2018-09-28 06:00:00
481,2018-09-28 06:14:00
482,2018-09-28 06:08:00
483,2018-09-28 06:04:00
484,2018-09-28 06:08:00
485,2018-09-28 06:00:00
486,2018-09-28 06:04:00
487,2018-09-28 06:09:00
488,2018-09-28 06:07:00
489,2018-09-28 06:05:00
490,2018-09-28 06:10:00
491,2018-09-28 06:13:00
492,2018-09-28 06:12:00
493,2018-09-28 06:02:00
494,2018-09-28 06:12:00
495,2018-09-28 06:09:00
496,2018-09-28 06:09:00
497,2018-09-28 06:12:00
498,2018-09-28 06:09:00
499,2018-09-28 06:07:00
500,2018-09-28 06:10:00
501,2018-09-28 06:07:00
502,2018-09-28 06:03:00
503,2018-09-28 06:13:00
504,2018-09-28 06:07:00
505,2018-09-28 06:09:00
506,2018-09-28 06:04:00
507,2018-09-28 06:00:00
508,2018-09-28 06:05:00
509,2018-09-28 06:10:00
510,2018-09-28 06:08:00
511,2018-09-28 06:05:00
512,2018-09-28 06:03:00
513,2018-09-28 06:04:00
514,2018-09-28 06:06:00
515,2018-09-28 06:09:00
516,2018-09-28 06:13:00
517,2018-09-28 06:01:00
518,2018-09-28 06:09:00
519,2018-09-28 06:08:00
520,2018-09-28 06:12:00
521,2018-09-28 06:02:00
522,2018-09-28 06:04:00
523,2018-09-28 06:10:00
524,2018-09-28 06:10:00
525,2018-09-28 06:10:00
526,2018-09-28 06:09:00
527,2018-09-28 06:10:00
528,2018-09-28 06:12:00
529,2018-09-28 06:09:00
530,2018-09-28 06:01:00
531,2018-09-28 06:00:00
532,2018-09-28 06:09:00
533,2018-09-28 06:04:00
534,2018-09-28 06:13:00
535,2018-09-28 06:05:00
536,2018-09-28 06:12:00
537,2018-09-28 06:12:00
538,2018-09-28 06:07:00
539,2018-09-28 06:12:00
540,2018-09-28 06:03:00
541,2018-09-28 06:06:00
542,2018-09-28 06:07:00
543,2018-09-28 06:09:00
544,2018-09-28 06:13:00
545,2018-09-28 06:13:00
546,2018-09-28 06:12:00
547,2018-09-28 06:07:00
548,2018-09-28 06:05:00
549,2018-09-28 06:08:00
550,2018-09-28 06:05:00
551,2018-09-28 06:13:00
552,2018-09-28 06:02:00
553,2018-09-28 06:10:00
554,2018-09-28 06:07:00
555,2018-09-28 06:10:00
556,2018-09-28 06:07:00
557,2018-09-28 06:02:00
558,2018-09-28 06:09:00
559,2018-09-28 06:03:00
560,2018-09-28 06:10:00
561,2018-09-28 06:09:00
562,2018-09-28 06:11:00
563,2018-09-28 06:14:00
564,2018-09-28 06:06:00
565,2018-09-28 06:04:00
566,2018-09-28 06:04:00
567,2018-09-28 06:04:00
568,2018-09-28 06:12:00
569,2018-09-28 06:02:00
570,2018-09-28 06:05:00
571,2018-09-28 06:09:00
572,2018-09-28 06:09:00
573,2018-09-28 06:00:00
574,2018-09-28 06:11:00
575,2018-09-28 06:09:00
576,2018-09-28 06:03:00
577,2018-09-28 06:03:00
578,2018-09-28 06:13:00
579,2018-09-28 06:13:00
580,2018-09-28 06:00:00
581,2018-09-28 06:13:00
582,2018-09-28 06:09:00
583,2018-09-28 06:09:00
584,2018-09-28 06:01:00
585,2018-09-28 06:00:00
586,2018-09-28 06:01:00
587,2018-09-28 06:02:00
588,2018-09-28 06:07:00
589,2018-09-28 06:00:00
590,2018-09-28 06:10:00
591,2018-09-28 06:11:00
592,2018-09-28 06:06:00
593,2018-09-28 06:12:00
594,2018-09-28 06:01:00
595,2018-09-28 06:11:00
596,2018-09-28 06:11:00
597,2018-09-28 06:00:00
598,2018-09-28 06:03:00
599,2018-09-28 06:01:00
600,2018-09-28 06:04:00
601,2018-09-28 06:09:00
602,2018-09-28 06:09:00
603,2018-09-28 06:11:00
604,2018-09-28 06:12:00
605,2018-09-28 06:10:00
606,2018-09-28 06:05:00
607,2018-09-28 06:06:00
608,2018-09-28 06:13:00
609,2018-09-28 06:02:00
610,2018-09-28 06:04:00
611,2018-09-28 06:14:00
612,2018-09-28 06:05:00
613,2018-09-28 06:02:00
614,2018-09-28 06:13:00
615,2018-09-28 06:02:00
616,2018-09-28 06:10:00
617,2018-09-28 06:14:00
618,2018-09-28 06:12:00
619,2018-09-28 06:12:00
620,2018-09-28 06:03:00
621,2018-09-28 06:03:00
622,2018-09-28 06:07:00
623,2018-09-28 06:06:00
624,2018-09-28 06:12:00
625,2018-09-28 06:03:00
626,2018-09-28 06:01:00
627,2018-09-28 06:04:00
628,2018-09-28 06:11:00
629,2018-09-28 06:05:00
630,2018-09-28 06:08:00
631,2018-09-28 06:09:00
632,2018-09-28 06:10:00
633,2018-09-28 06:08:00
634,2018-09-28 06:00:00
635,2018-09-28 06:08:00
636,2018-09-28 06:12:00
637,2018-09-28 06:03:00
638,2018-09-28 06:12:00
639,2018-09-28 06:12:00
640,2018-09-28 06:01:00
641,2018-09-28 06:11:00
642,2018-09-28 06:07:00
643,2018-09-28 06:12:00
644,2018-09-28 06:13:00
645,2018-09-28 06:05:00
646,2018-09-28 06:03:00
647,2018-09-28 06:11:00
648,2018-09-28 06:06:00
649,2018-09-28 06:14:00
650,2018-09-28 06:12:00
651,2018-09-28 06:03:00
652,2018-09-28 06:08:00
653,2018-09-28 06:02:00
654,2018-09-28 06:08:00
655,2018-09-28 06:07:00
656,2018-09-28 06:11:00
657,2018-09-28 06:10:00
658,2018-09-28 06:06:00
659,2018-09-28 06:07:00
660,2018-09-28 06:05:00
661,2018-09-28 06:12:00
662,2018-09-28 06:10:00
663,2018-09-28 06:14:00
664,2018-09-28 06:09:00
665,2018-09-28 06:09:00
666,2018-09-28 06:12:00
667,2018-09-28 06:05:00
668,2018-09-28 06:03:00
669,2018-09-28 06:11:00
670,2018-09-28 06:14:00
671,2018-09-28 06:03:00
672,2018-09-28 06:07:00
673,2018-09-28 06:09:00
674,2018-09-28 06:13:00
675,2018-09-28 06:09:00
676,2018-09-28 06:04:00
677,2018-09-28 06:00:00
678,2018-09-28 06:01:00
679,2018-09-28 06:05:00
680,2018-09-28 06:12:00
681,2018-09-28 06:05:00
682,2018-09-28 06:05:00
683,2018-09-28 06:05:00
684,2018-09-28 06:11:00
685,2018-09-28 06:01:00
686,2018-09-28 06:14:00
687,2018-09-28 06:04:00
688,2018-09-28 06:01:00
689,2018-09-28 06:08:00
690,2018-09-28 06:11:00
691,2018-09-28 06:08:00
692,2018-09-28 06:00:00
693,2018-09-28 06:02:00
694,2018-09-28 06:13:00
695,2018-09-28 06:02:00
696,2018-09-28 06:07:00
697,2018-09-28 06:02:00
698,2018-09-28 06:10:00
699,2018-09-28 06:09:00
700,2018-09-28 06:07:00
701,2018-09-28 06:06:00
702,2018-09-28 06:07:00
703,2018-09-28 06:14:00
704,2018-09-28 06:08:00
705,2018-09-28 06:01:00
706,2018-09-28 06:14:00
707,2018-09-28 06:11:00
708,2018-09-28 06:08:00
709,2018-09-28 06:07:00
710,2018-09-28 06:06:00
711,2018-09-28 06:10:00
712,2018-09-28 06:13:00
713,2018-09-28 06:13:00
714,2018-09-28 06:09:00
715,2018-09-28 06:06:00
716,2018-09-28 06:06:00
717,2018-09-28 06:03:00
718,2018-09-28 06:02:00
719,2018-09-28 06:05:00
720,2018-09-28 06:04:00
721,2018-09-28 06:09:00
722,2018-09-28 06:08:00
723,2018-09-28 06:01:00
724,2018-09-28 06:06:00
725,2018-09-28 06:09:00
726,2018-09-28 06:10:00
727,2018-09-28 06:10:00
728,2018-09-28 06:05:00
729,2018-09-28 06:13:00
730,2018-09-28 06:04:00
731,2018-09-28 06:09:00
732,2018-09-28 06:12:00
733,2018-09-28 06:13:00
734,2018-09-28 06:13:00
735,2018-09-28 06:04:00
736,2018-09-28 06:01:00
737,2018-09-28 06:09:00
738,2018-09-28 06:07:00
739,2018-09-28 06:01:00
740,2018-09-28 06:13:00
741,2018-09-28 06:08:00
742,2018-09-28 06:10:00
743,2018-09-28 06:06:00
744,2018-09-28 06:05:00
745,2018-09-28 06:07:00
746,2018-09-28 06:12:00
747,2018-09-28 06:12:00
748,2018-09-28 06:01:00
749,2018-09-28 06:03:00
750,2018-09-28 06:04:00
751,2018-09-28 06:13:00
752,2018-09-28 06:11:00
753,2018-09-28 06:12:00
754,2018-09-28 06:05:00
755,2018-09-28 06:04:00
756,2018-09-28 06:01:00
757,2018-09-28 06:02:00
758,2018-09-28 06:05:00
759,2018-09-28 06:08:00
760,2018-09-28 06:09:00
761,2018-09-28 06:13:00
762,2018-09-28 06:06:00
763,2018-09-28 06:10:00
764,2018-09-28 06:14:00
765,2018-09-28 06:13:00
766,2018-09-28 06:01:00
767,2018-09-28 06:12:00
768,2018-09-28 06:14:00
769,2018-09-28 06:12:00
770,2018-09-28 06:08:00
771,2018-09-28 06:04:00
772,2018-09-28 06:02:00
773,2018-09-28 06:09:00
774,2018-09-28 06:14:00
775,2018-09-28 06:00:00
776,2018-09-28 06:09:00
777,2018-09-28 06:07:00
778,2018-09-28 06:05:00
779,2018-09-28 06:02:00
780,2018-09-28 06:05:00
781,2018-09-28 06:04:00
782,2018-09-28 06:10:00
783,2018-09-28 06:09:00
784,2018-09-28 06:05:00
785,2018-09-28 06:08:00
786,2018-09-28 06:14:00
787,2018-09-28 06:13:00
788,2018-09-28 06:02:00
789,2018-09-28 06:03:00
790,2018-09-28 06:00:00
791,2018-09-28 06:05:00
792,2018-09-28 06:13:00
793,2018-09-28 06:13:00
794,2018-09-28 06:03:00
795,2018-09-28 06:04:00
796,2018-09-28 06:06:00
797,2018-09-28 06:01:00
798,2018-09-28 06:04:00
799,2018-09-28 06:05:00
800,2018-09-28 06:10:00
801,2018-09-28 06:02:00
802,2018-09-28 06:00:00
803,2018-09-28 06:02:00
804,2018-09-28 06:01:00
805,2018-09-28 06:08:00
806,2018-09-28 06:06:00
807,2018-09-28 06:12:00
808,2018-09-28 06:14:00
809,2018-09-28 06:13:00
810,2018-09-28 06:04:00
811,2018-09-28 06:06:00
812,2018-09-28 06:11:00
813,2018-09-28 06:07:00
814,2018-09-28 06:05:00
815,2018-09-28 06:00:00
816,2018-09-28 06:04:00
817,2018-09-28 06:07:00
818,2018-09-28 06:05:00
819,2018-09-28 06:01:00
820,2018-09-28 06:01:00
821,2018-09-28 06:12:00
822,2018-09-28 06:06:00
823,2018-09-28 06:08:00
824,2018-09-28 06:01:00
825,2018-09-28 06:03:00
826,2018-09-28 06:01:00
827,2018-09-28 06:09:00
828,2018-09-28 06:01:00
829,2018-09-28 06:02:00
830,2018-09-28 06:12:00
831,2018-09-28 06:10:00
832,2018-09-28 06:09:00
833,2018-09-28 06:09:00
834,2018-09-28 06:12:00
835,2018-09-28 06:13:00
836,2018-09-28 06:07:00
837,2018-09-28 06:00:00
838,2018-09-28 06:13:00
839,2018-09-28 06:02:00
840,2018-09-28 06:01:00
841,2018-09-28 06:04:00
842,2018-09-28 06:04:00
843,2018-09-28 06:03:00
844,2018-09-28 06:05:00
845,2018-09-28 06:14:00
846,2018-09-28 06:07:00
847,2018-09-28 06:01:00
848,2018-09-28 06:14:00
849,2018-09-28 06:09:00
850,2018-09-28 06:04:00
851,2018-09-28 06:04:00
852,2018-09-28 06:13:00
853,2018-09-28 06:04:00
854,2018-09-28 06:08:00
855,2018-09-28 06:11:00
856,2018-09-28 06:02:00
857,2018-09-28 06:06:00
858,2018-09-28 06:12:00
859,2018-09-28 06:02:00
860,2018-09-28 06:01:00
861,2018-09-28 06:13:00
862,2018-09-28 06:11:00
863,2018-09-28 06:02:00
864,2018-09-28 06:14:00
865,2018-09-28 06:06:00
866,2018-09-28 06:06:00
867,2018-09-28 06:08:00
868,2018-09-28 06:03:00
869,2018-09-28 06:00:00
870,2018-09-28 06:11:00
871,2018-09-28 06:06:00
872,2018-09-28 06:09:00
873,2018-09-28 06:01:00
874,2018-09-28 06:05:00
875,2018-09-28 06:10:00
876,2018-09-28 06:02:00
877,2018-09-28 06:00:00
878,2018-09-28 06:01:00
879,2018-09-28 06:11:00
880,2018-09-28 06:12:00
881,2018-09-28 06:00:00
882,2018-09-28 06:08:00
883,2018-09-28 06:08:00
884,2018-09-28 06:04:00
885,2018-09-28 06:10:00
886,2018-09-28 06:10:00
887,2018-09-28 06:03:00
888,2018-09-28 06:14:00
889,2018-09-28 06:10:00
890,2018-09-28 06:14:00
891,2018-09-28 06:09:00
892,2018-09-28 06:09:00
893,2018-09-28 06:02:00
894,2018-09-28 06:02:00
895,2018-09-28 06:11:00
896,2018-09-28 06:04:00
897,2018-09-28 06:03:00
898,2018-09-28 06:13:00
899,2018-09-28 06:11:00
900,2018-09-28 06:06:00
901,2018-09-28 06:09:00
902,2018-09-28 06:02:00
903,2018-09-28 06:04:00
904,2018-09-28 06:05:00
905,2018-09-28 06:08:00
906,2018-09-28 06:11:00
907,2018-09-28 06:00:00
908,2018-09-28 06:02:00
909,2018-09-28 06:12:00
910,2018-09-28 06:02:00
911,2018-09-28 06:11:00
912,2018-09-28 06:05:00
913,2018-09-28 06:06:00
914,2018-09-28 06:12:00
915,2018-09-28 06:14:00
916,2018-09-28 06:12:00
917,2018-09-28 06:07:00
918,2018-09-28 06:09:00
919,2018-09-28 06:02:00
920,2018-09-28 06:04:00
921,2018-09-28 06:09:00
922,2018-09-28 06:11:00
923,2018-09-28 06:01:00
924,2018-09-28 06:05:00
925,2018-09-28 06:14:00
926,2018-09-28 06:06:00
927,2018-09-28 06:01:00
928,2018-09-28 06:08:00
929,2018-09-28 06:14:00
930,2018-09-28 06:13:00
931,2018-09-28 06:02:00
932,2018-09-28 06:12:00
933,2018-09-28 06:07:00
934,2018-09-28 06:00:00
935,2018-09-28 06:03:00
936,2018-09-28 06:02:00
937,2018-09-28 06:04:00
938,2018-09-28 06:13:00
939,2018-09-28 06:00:00
940,2018-09-28 06:13:00
941,2018-09-28 06:08:00
942,2018-09-28 06:00:00
943,2018-09-28 06:13:00
944,2018-09-28 06:13:00
945,2018-09-28 06:04:00
946,2018-09-28 06:07:00
947,2018-09-28 06:06:00
948,2018-09-28 06:09:00
949,2018-09-28 06:05:00
950,2018-09-28 06:07:00
951,2018-09-28 06:14:00
952,2018-09-28 06:10:00
953,2018-09-28 06:00:00
954,2018-09-28 06:03:00
955,2018-09-28 06:03:00
956,2018-09-28 06:09:00
957,2018-09-28 06:11:00
958,2018-09-28 06:12:00
959,2018-09-28 06:12:00
960,2018-09-28 06:13:00
961,2018-09-28 06:12:00
962,2018-09-28 06:13:00
963,2018-09-28 06:09:00
964,2018-09-28 06:08:00
965,2018-09-28 06:05:00
966,2018-09-28 06:02:00
967,2018-09-28 06:11:00
968,2018-09-28 06:07:00
969,2018-09-28 06:13:00
970,2018-09-28 06:03:00
971,2018-09-28 06:14:00
972,2018-09-28 06:10:00
973,2018-09-28 06:08:00
974,2018-09-28 06:08:00
975,2018-09-28 06:01:00
976,2018-09-28 06:00:00
977,2018-09-28 06:13:00
978,2018-09-28 06:00:00
979,2018-09-28 06:13:00
980,2018-09-28 06:13:00
981,2018-09-28 06:10:00
982,2018-09-28 06:02:00
983,2018-09-28 06:01:00
984,2018-09-28 06:10:00
985,2018-09-28 06:06:00
986,2018-09-28 06:02:00
987,2018-09-28 06:03:00
988,2018-09-28 06:09:00
989,2018-09-28 06:09:00
990,2018-09-28 06:08:00
991,2018-09-28 06:14:00
992,2018-09-28 06:08:00
993,2018-09-28 06:00:00
994,2018-09-28 06:10:00
995,2018-09-28 06:09:00
996,2018-09-28 06:14:00
997,2018-09-28 06:04:00
998,2018-09-28 06:06:00
999,2018-09-28 06:00:00
1000,2018-09-28 06:03:00
